{
  "六安": [116.507676, 31.752889],
  "昌江黎族自治县": [109.053351, 19.260968],
  "保山": [99.167133, 25.111802],
  "滨州": [118.016974, 37.383542],
  "滁州": [118.316264, 32.303627],
  "资阳": [104.641917, 30.122211],
  "阿里地区": [80.105498, 32.503187],
  "江西": [115.892151, 28.676493],
  "淄博": [118.047648, 36.814939],
  "徐州": [117.184811, 34.261792],
  "株洲": [113.151737, 27.835806],
  "鹤岗": [130.277487, 47.332085],
  "扬州": [119.421003, 32.393159],
  "儋州": [109.576782, 19.517486],
  "银川": [106.278179, 38.46637],
  "温州": [120.672111, 28.000575],
  "大连": [121.618622, 38.91459],
  "景德镇": [117.214664, 29.29256],
  "孝感": [113.926655, 30.926423],
  "佳木斯": [130.361634, 46.809606],
  "云林县": [120.4313373, 23.7092033],
  "宿州": [116.984084, 33.633891],
  "赤峰": [118.956806, 42.275317],
  "海南藏族自治州": [100.619542, 36.280353],
  "庆阳": [107.638372, 35.734218],
  "岳阳": [113.132855, 29.37029],
  "南通": [120.864608, 32.016212],
  "南京": [118.767413, 32.041544],
  "红河哈尼族彝族自治州": [103.384182, 23.366775],
  "马鞍山": [118.507906, 31.689362],
  "双鸭山": [131.157304, 46.643442],
  "黔南布依族苗族自治州": [107.517156, 26.258219],
  "天津": [117.190182, 39.125596],
  "绥化": [126.99293, 46.637393],
  "白沙黎族自治县": [109.452606, 19.224584],
  "安徽": [117.283042, 31.86119],
  "驻马店": [114.024736, 32.980169],
  "邢台": [114.508851, 37.0682],
  "崇左": [107.353926, 22.404108],
  "新北市": [121.4627868, 25.0169826],
  "抚顺": [123.921109, 41.875956],
  "昭通": [103.717216, 27.336999],
  "丹东": [124.383044, 40.124296],
  "宜昌": [111.290843, 30.702636],
  "三门峡": [111.194099, 34.777338],
  "吉林": [125.3245, 43.886841],
  "南宁": [108.320004, 22.82402],
  "连江县": [119.9516652, 26.160243],
  "九江": [115.992811, 29.712034],
  "梧州": [111.316229, 23.472309],
  "揭阳": [116.355733, 23.543778],
  "武威": [102.634697, 37.929996],
  "日喀则": [88.884874, 29.263792],
  "云浮": [112.044439, 22.929801],
  "临高县": [109.687697, 19.908293],
  "池州": [117.489157, 30.656037],
  "巴彦淖尔": [107.416959, 40.757402],
  "亳州": [115.782939, 33.869338],
  "凉山彝族自治州": [102.258746, 27.886762],
  "曲靖": [103.797851, 25.501557],
  "苗栗县": [120.8214265, 24.560159],
  "丽水": [119.921786, 28.451993],
  "神农架林区": [110.671525, 31.744449],
  "河池": [108.062105, 24.695899],
  "台湾": [120.960515, 23.69781],
  "鹤壁": [114.295444, 35.748236],
  "佛山": [113.122717, 23.028762],
  "琼中黎族苗族自治县": [109.839996, 19.03557],
  "普洱": [100.972344, 22.777321],
  "蚌埠": [117.36237, 32.934037],
  "营口": [122.235151, 40.667432],
  "澄迈县": [110.007147, 19.737095],
  "锡林郭勒盟": [116.090996, 43.944018],
  "六盘水": [104.846743, 26.584643],
  "云南": [102.712251, 25.040609],
  "雅安": [103.001033, 29.987722],
  "文山壮族苗族自治州": [104.24401, 23.36951],
  "长春": [125.3245, 43.886841],
  "海东": [102.10327, 36.502916],
  "随州": [113.37377, 31.717497],
  "桃园市": [121.3009798, 24.9936281],
  "威海": [122.116394, 37.509691],
  "乌兰察布": [113.114543, 41.034126],
  "伊春": [128.899396, 47.724775],
  "仙桃": [113.453974, 30.364953],
  "大同": [113.295259, 40.09031],
  "盐城": [120.139998, 33.377631],
  "新疆": [87.617733, 43.792818],
  "丽江": [100.233026, 26.872108],
  "包头": [109.840405, 40.658168],
  "定西": [104.626294, 35.579578],
  "铜陵": [117.816576, 30.929935],
  "太原": [112.549248, 37.857014],
  "海西蒙古族藏族自治州": [97.370785, 37.374663],
  "甘孜藏族自治州": [101.963815, 30.050663],
  "泸州": [105.443348, 28.889138],
  "上饶": [117.971185, 28.44442],
  "酒泉": [98.510795, 39.744023],
  "邵阳": [111.467791, 27.238893],
  "恩施土家族苗族自治州": [109.48699, 30.283114],
  "葫芦岛": [120.856394, 40.755572],
  "通化": [125.936501, 41.721177],
  "青海": [101.778916, 36.623178],
  "枣庄": [117.557964, 34.856424],
  "无锡": [120.301663, 31.574729],
  "遂宁": [105.571331, 30.513311],
  "香港": [114.109497, 22.396428],
  "广州": [113.280637, 23.125178],
  "延边朝鲜族自治州": [129.513228, 42.904823],
  "赣州": [114.940278, 25.85097],
  "咸阳": [108.705117, 34.333439],
  "菏泽": [115.469381, 35.246531],
  "福建": [119.306239, 26.075302],
  "河南": [113.665412, 34.757975],
  "新竹市": [120.9674752, 24.8138297],
  "黑河": [127.499023, 50.249585],
  "黄石": [115.077048, 30.220074],
  "晋城": [112.851274, 35.497553],
  "济南": [117.000923, 36.675807],
  "呼伦贝尔": [119.758168, 49.215333],
  "花莲县": [121.6015714, 23.9871589],
  "鹰潭": [117.033838, 28.238638],
  "永州": [111.608019, 26.434516],
  "周口": [114.649653, 33.620357],
  "澎湖县": [119.5793157, 23.5711899],
  "潜江": [112.896866, 30.421215],
  "德州": [116.307428, 37.453968],
  "安庆": [117.053571, 30.524816],
  "乌兰浩特": [122.06378, 46.06235],
  "宁夏": [106.278179, 38.46637],
  "兰州": [103.823557, 36.058039],
  "青岛": [120.369557, 36.094406],
  "阿勒泰地区": [88.13963, 47.848393],
  "鄂州": [114.890593, 30.396536],
  "张家口": [114.884091, 40.811901],
  "大兴安岭地区": [124.711526, 52.335262],
  "四川": [104.065735, 30.659462],
  "昌吉回族自治州": [87.304012, 44.014577],
  "楚雄彝族自治州": [101.546046, 25.041988],
  "河北": [114.502461, 38.045474],
  "和田地区": [79.92533, 37.110687],
  "屯昌县": [110.102773, 19.362916],
  "绍兴": [120.582112, 29.997117],
  "基隆市": [121.7391833, 25.1276033],
  "甘肃": [103.823557, 36.058039],
  "荆门": [112.204251, 31.03542],
  "阳泉": [113.583285, 37.861188],
  "伊犁哈萨克自治州": [81.317946, 43.92186],
  "桂林": [110.299121, 25.274215],
  "阳江": [111.975107, 21.859222],
  "齐齐哈尔": [123.953486, 47.348079],
  "宁德": [119.527082, 26.65924],
  "黄山": [118.317325, 29.709239],
  "内蒙古": [111.670799, 40.81831],
  "襄阳": [112.144146, 32.042426],
  "琼海": [110.466785, 19.246011],
  "泉州": [118.589421, 24.908853],
  "安康": [109.029273, 32.6903],
  "天水": [105.724998, 34.578529],
  "朝阳": [120.451176, 41.576758],
  "乌海": [106.825563, 39.673734],
  "中卫": [105.189568, 37.514951],
  "东营": [118.4963, 37.461266],
  "济宁": [116.587245, 35.415393],
  "自贡": [104.773447, 29.352765],
  "武汉": [114.298572, 30.584355],
  "龙岩": [117.02978, 25.091603],
  "江门": [113.094942, 22.590431],
  "嘉峪关": [98.277304, 39.786529],
  "昆明": [102.712251, 25.040609],
  "澳门": [113.549133, 22.198751],
  "惠州": [114.412599, 23.079404],
  "咸宁": [114.328963, 29.832798],
  "东方": [108.653789, 19.10198],
  "陵水黎族自治县": [110.037218, 18.505006],
  "张掖": [100.455472, 38.932897],
  "克孜勒苏柯尔克孜自治州": [76.172825, 39.713431],
  "兴安盟": [122.070317, 46.076268],
  "吉安": [114.986373, 27.111699],
  "绵阳": [104.741722, 31.46402],
  "承德": [117.939152, 40.976204],
  "陇南": [104.929379, 33.388598],
  "莆田": [119.007558, 25.431011],
  "福州": [119.306239, 26.075302],
  "果洛藏族自治州": [100.242143, 34.4736],
  "芜湖": [118.376451, 31.326319],
  "钦州": [108.624175, 21.967127],
  "西藏": [91.132212, 29.660361],
  "朔州": [112.433387, 39.331261],
  "铜仁": [109.191555, 27.718346],
  "沧州": [116.857461, 38.310582],
  "嘉义市": [120.4491113, 23.4800751],
  "乐东黎族自治县": [109.175444, 18.74758],
  "湘西土家族苗族自治州": [109.739735, 28.314296],
  "四平": [124.370785, 43.170344],
  "辽源": [125.145349, 42.902692],
  "万宁": [110.388793, 18.796216],
  "商洛": [109.939776, 33.868319],
  "鞍山": [122.995632, 41.110626],
  "厦门": [118.11022, 24.490474],
  "广元": [105.829757, 32.433668],
  "天门": [113.165862, 30.653061],
  "黔西南布依族苗族自治州": [104.897971, 25.08812],
  "五家渠": [87.526884, 44.167401],
  "白银": [104.173606, 36.54568],
  "泰州": [119.915176, 32.484882],
  "攀枝花": [101.716007, 26.580446],
  "镇江": [119.452753, 32.204402],
  "衡水": [115.665993, 37.735097],
  "黄冈": [114.879365, 30.447711],
  "石嘴山": [106.376173, 39.01333],
  "忻州": [112.733538, 38.41769],
  "临汾": [111.517973, 36.08415],
  "辽宁": [123.429096, 41.796767],
  "临沂": [118.326443, 35.065282],
  "宣城": [118.757995, 30.945667],
  "怒江傈僳族自治州": [98.854304, 25.850949],
  "临沧": [100.08697, 23.886567],
  "贵港": [109.602146, 23.0936],
  "玉树藏族自治州": [97.008522, 33.004049],
  "拉萨": [91.132212, 29.660361],
  "延安": [109.49081, 36.596537],
  "中山": [113.382391, 22.521113],
  "上海": [121.472644, 31.231706],
  "黄浦区": [121.487899,31.249162],
  "松江区": [121.226791,31.021245],
  "徐汇区": [121.446235,31.169152],
  "长宁区": [121.387616,31.213301],
  "静安区": [121.454756,31.235381],
  "普陀区": [121.398443,31.263743],
  "虹口区": [121.491919,31.282497],
  "杨浦区": [121.535717,31.30451],
  "闵行区": [121.425024,31.093538],
  "宝山区": [121.409041,31.398623],
  "嘉定区": [121.251014,31.364338],
  "浦东区": [121.408648,30.884387],
  "金山区": [121.248408,30.835081],