{
  "安圭拉": [-63.072128, 18.225121],
  "莫桑比克": [32.58065, -25.9681],
  "新喀里多尼亚": [165.618042, -20.904305],
  "托克劳": [-171.250153, -9.38318],
  "哥斯达黎加": [-84.017067, 9.63494],
  "西萨摩亚独立国": [-171.450488, -13.510256],
  "荷属安的列所": [-68.525672, 12.072072],
  "津巴布韦": [29.14666, -19.013281],
  "开曼群岛": [-81.252159, 19.330021],
  "马耳他": [14.44812, 35.902088],
  "冈比亚": [-15.31143, 13.44541],
  "卢森堡": [6.1319346, 49.611621],
  "圣卢西亚": [-60.974178, 13.904],
  "马提尼克": [-61.024174, 14.641528],
  "斯威士兰": [31.465679, -26.51837],
  "秘鲁": [-77.021217, -12.0436],
  "几内亚": [-9.66063, 9.93488],
  "坦桑尼亚": [39.2542261, -6.7700594],
  "叙利亚": [39.056, 34.8148],
  "纽埃": [-169.863083, -19.05162],
  "老挝": [105.45118, 18.20521],
  "特克斯和凯科斯群岛": [-71.745117, 21.796579],
  "马达加斯加": [46.854321, -18.77718],
  "图瓦卢": [178.690964, -7.47153],
  "塞浦路斯": [33.3974183, 35.1919937],
  "格林纳达": [-61.69894, 12.11267],
  "安哥拉": [17.907209, -11.94184],
  "苏丹": [32.5725965, 15.5015451],
  "比利时": [4.34968, 50.848381],
  "约旦": [36.46003, 31.672701],
  "肯尼亚": [36.804138, -1.2702],
  "塞舌尔": [55.48732, -4.68444],
  "新加坡": [103.819836, 1.352083],
  "伊拉克": [43.68985, 33.24052],
  "科特迪瓦": [-5.54709, 7.54685],
  "墨西哥": [-99.152184, 19.320098],
  "库克群岛": [-159.771301, -21.227341],
  "朝鲜": [127.495216, 40.3396],
  "沙特阿拉伯": [46.6752957, 24.7135517],
  "乍得": [18.73877, 15.4603],
  "阿根廷": [-58.44619, -34.614498],
  "奥地利": [16.368799, 48.202541],
  "毛里求斯": [57.4968433, -20.162981],
  "埃及": [31.34074, 30.078581],
  "瑞典": [18.0685808, 59.3293235],
  "丹麦": [12.55213, 55.674492],
  "格陵兰": [-42.177181, 71.802071],
  "阿联酋": [54.5599079, 24.3865481],
  "英国": [-0.292709, 51.378117],
  "爱沙尼亚": [24.7526, 59.436501],
  "苏里南": [-56.032028, 3.91784],
  "荷兰": [4.89319, 52.373119],
  "多哥": [0.82969, 8.62169],
  "孟加拉": [90.453506, 24.42873],
  "特立尼达和多巴哥": [-61.418079, 10.43443],
  "立陶宛": [25.26926, 54.68985],
  "博茨瓦纳": [24.680161, -22.34403],
  "阿塞拜疆": [47.687069, 40.15134],
  "中非": [20.941759, 6.61404],
  "梵蒂冈": [12.453389, 41.902916],
  "卡塔尔": [51.5025045, 25.2925544],
  "意大利": [12.4956, 41.898399],
  "玻利维亚": [-63.549419, -16.288349],
  "阿尔巴尼亚": [20.17001, 41.152649],
  "文莱": [114.598969, 4.52513],
  "柬埔寨": [104.8921668, 11.5448729],
  "斯洛伐克": [17.107, 48.149239],
  "巴勒斯坦": [35.229649, 31.94775],
  "利比里亚": [-9.42859, 6.45242],
  "纳米比亚": [17.0707275, -22.5632824],
  "圭亚那": [-58.251881, 5.53625],
  "新西兰": [175.479019, -41.08717],
  "黑山": [19.2558788, 42.4320008],
  "洪都拉斯": [-87.211967, 14.09506],
  "法属圭亚那": [-53.125782, 3.933889],
  "亚美尼亚": [44.4885671, 40.1533904],
  "俄罗斯": [37.605061, 55.741638],
  "克罗地亚": [15.9676, 45.807259],
  "索马里": [46.200829, 5.16158],
  "圣多美和普林西比": [6.61935, 0.22032],
  "贝宁": [2.31313, 9.32204],
  "菲律宾": [121.00589, 14.60962],
  "不丹": [90.442268, 27.515499],
  "冰岛": [-21.8524424, 64.132442],
  "关岛": [144.750931, 13.46065],
  "也门": [47.850681, 15.79666],
  "匈牙利": [19.040235, 47.497912],
  "瓦努阿图": [167.03804, -15.14676],
  "圣马力诺": [12.457777, 43.94236],
  "哥伦比亚": [-72.958527, 4.11641],
  "吉尔吉斯斯坦": [74.5697617, 42.8746212],
  "伯利兹": [-88.392509, 17.56711],
  "美属萨摩亚": [-170.702377, -14.30996],
  "美国": [-77.0368707, 38.9071923],
  "蒙特塞拉特岛": [-62.187366, 16.742498],
  "缅甸": [96.682999, 19.257959],
  "塞拉利昂": [-11.79593, 8.46502],
  "留尼汪岛": [55.4550536, -20.8906596],
  "波多黎各": [-66.0583414, 18.3848264],
  "赤道几内亚": [10.34129, 1.63392],
  "巴布亚新几内亚": [145.859314, -6.65619],
  "法罗群岛": [-6.98953, 62.126911],
  "百慕大": [-64.785469, 32.303101],
  "圣皮埃尔和密克隆群岛": [-56.3159, 46.8852],
  "智利": [-70.647942, -33.463039],
  "土耳其": [32.860481, 39.942928],
  "加拿大": [-75.6971931, 45.4215296],
  "海地": [-72.2844278, 18.5790371],
  "马尔代夫": [73.154762, 6.75785],
  "巴基斯坦": [69.359703, 30.441851],
  "阿富汗": [67.67894, 33.93045],
  "印度": [74.7972825, 34.0836708],
  "斯里兰卡": [80.789711, 7.87395],
  "塔吉克斯坦": [71.262177, 38.858189],
  "马里": [-3.99883, 17.57975],
  "罗马尼亚": [26.10297, 44.4342],
  "尼日利亚": [7.398574, 9.0764785],
  "乌拉圭": [-56.1645314, -34.9011127],
  "摩纳哥": [7.4246158, 43.7384176],
  "捷克": [14.43322, 50.079079],
  "委内瑞拉": [-66.898277, 10.49605],
  "摩尔多瓦": [28.87661, 47.007301],
  "波兰": [21.00939, 52.235352],
  "阿曼": [58.4059227, 23.58589],
  "危地马拉": [-91.517441, 14.83911],
  "尼泊尔": [85.3261328, 27.7089603],
  "埃塞俄比亚": [40.49305, 9.1473],
  "皮特开恩群岛": [-130.021425, -25.024801],
  "吉布提": [43.14806, 11.595],
  "瑞士": [7.39487, 46.9546699],
  "澳大利亚": [149.152084, -35.284698],
  "布隆迪": [29.3598782, -3.361378],
  "泰国": [100.634003, 13.7235],
  "利比亚": [17.26882, 26.33852],
  "圣基茨和尼维斯": [-62.7176924, 17.3026058],
  "马绍尔群岛": [171.081787, 7.11046],
  "布基纳法索": [-1.55676, 12.24184],
  "拉脱维亚": [24.114901, 56.945999],
  "古巴": [-77.806793, 21.511021],
  "芬兰": [24.932581, 60.171162],
  "法国": [2.3412, 48.85693],
  "黎巴嫩": [35.504269, 33.89677],
  "直布罗陀": [-5.353585, 36.140751],
  "莱索托": [27.4869229, -29.3150767],
  "毛里塔尼亚": [-10.95086, 21.006809],
  "阿尔及利亚": [1.65284, 28.02688],
  "瓜德罗普": [-61.551, 16.265],
  "乌兹别克斯坦": [64.564453, 41.39476],
  "土库曼斯坦": [59.56287, 38.968319],
  "巴巴多斯": [-59.534649, 13.18355],
  "圣文森特和格林纳丁斯": [-61.19632, 13.24814],
  "厄立特里亚": [38.850281, 16.159981],
  "多米尼加": [-70.162651, 18.735693],
  "法属波利尼西亚": [-149.406843, -17.679742],
  "安道尔": [1.60021, 42.54237],
  "多米尼克": [-61.370976, 15.414999],
  "东帝汶": [126.119553, -8.89403],
  "阿森松岛": [-14.21213, -7.564818],
  "日本": [139.7319925, 35.7090259],
  "爱尔兰": [-6.2603097, 53.3498053],
  "巴林": [50.5860497, 26.2285161],
  "加蓬": [11.59891, -0.82809],
  "希腊": [23.735041, 37.988911],
  "马拉维": [34.294708, -13.24707],
  "圣赫勒拿岛": [-5.423213, -15.575404],
  "安提瓜和巴布达": [-61.789421, 17.08602],
  "斐济": [178.3931785, -18.1236054],
  "帕劳": [134.563919, 7.53053],
  "刚果民主共和国": [15.85083, -4.51061],
  "越南": [105.8369637, 21.0226967],
  "巴哈马": [-78.080017, 24.741421],
  "马尔维纳斯群岛": [-57.510599, -51.415057],
  "蒙古": [106.912308, 47.928501],
  "突尼斯": [9.56154, 33.795021],
  "中国": [116.405285, 39.904989],
  "刚果共和国": [15.827659, -0.228021],
  "喀麦隆": [11.5020752, 3.8480325],
  "哈萨克斯坦": [71.4793897, 51.1479457],
  "牙买加": [-76.8006563, 18.0179363],
  "挪威": [10.78136, 59.920219],
  "阿鲁巴": [-69.968338, 12.52111],
  "汤加": [-175.195999, -21.167931],
  "卢旺达": [30.058769, -1.9501],
  "德国": [13.37698, 52.516071],
  "乌克兰": [30.5234, 50.4501],
  "加纳": [-0.1869644, 5.6037168],
  "马来西亚": [101.71727, 3.15248],
  "韩国": [126.977379, 37.557121],
  "塞尔维亚": [20.4489216, 44.786568],
  "几内亚比绍": [-15.17702, 11.80252],
  "乌干达": [32.5881, 0.31656],
  "伊朗": [53.682362, 32.42065],
  "所罗门群岛": [160.209015, -9.59581],
  "保加利亚": [23.615789, 42.64188],
  "赞比亚": [29.120581, -15.4818],
  "美属维尔京群岛": [-64.73629, 17.736549],
  "波斯尼亚和黑塞哥维那": [17.67696, 43.920101],
  "科摩罗": [43.35997, -11.65158],
  "北马里亚纳群岛": [145.764999, 15.19346],
  "巴西": [-47.9382362, -15.7217621],
  "斯洛文尼亚": [14.50306, 46.051239],
  "佛得角": [-23.614759, 15.1123],
  "西班牙": [-3.67163, 40.421429],
  "瓦利斯和富图纳群岛": [-178.1165, -14.2938],
  "基里巴斯": [-168.734039, -3.370417],
  "葡萄牙": [-9.15037, 38.72567],
  "英属维尔京群岛": [-64.68589, 18.08169],
  "列支敦士登": [9.5538, 47.1595],
  "塞内加尔": [-14.44555, 14.49945],
  "巴拿马": [-80.112778, 8.4177],
  "印度尼西亚": [106.808998, -6.25608],
  "尼日尔": [8.08094, 17.610991],
  "尼加拉瓜": [-85.424049, 12.86672],
  "萨尔瓦多": [-88.918793, 13.79687],
  "厄瓜多尔": [-78.4678382, -0.1806532],
  "白俄罗斯": [27.584709, 53.903191],
  "马其顿": [21.4248902, 41.9990903],
  "格鲁吉亚": [43.365791, 42.31152],
  "密克罗尼西亚联邦": [158.223145, 6.8848],
  "以色列": [35.21371, 31.768319],
  "南非": [28.18759, -25.7458],
  "科威特": [47.49445, 29.31015],
  "巴拉圭": [-58.453201, -23.451401],
  "摩洛哥": [-6.40245, 31.4342],
  "诺福克岛": [167.954712, -29.040835],
  "瑙鲁": [166.92215, -0.5283]
}